{"cameraMode":{"drawMode":2,"name":"Shaded Wireframe","section":"Shading Mode"},"sceneLighting":true,"audioPlay":false,"sceneViewState":{"showFog":false,"showMaterialUpdate":false,"showSkybox":false,"showFlares":false,"showImageEffects":false,"showParticleSystems":false},"in2DMode":false,"pivot":{"x":2.6633365154266359,"y":573.3062133789063,"z":587.4046020507813},"rotation":{"x":0.0021923717577010395,"y":0.8895986676216126,"z":-0.45671987533569338,"w":0.0042708697728812698},"size":10.0,"orthographic":false}