{"cameraMode":{"drawMode":2,"name":"Shaded Wireframe","section":"Shading Mode"},"sceneLighting":true,"audioPlay":false,"sceneViewState":{"showFog":false,"showMaterialUpdate":false,"showSkybox":false,"showFlares":false,"showImageEffects":false,"showParticleSystems":false},"in2DMode":false,"pivot":{"x":2.5934014320373537,"y":573.3062133789063,"z":587.4041748046875},"rotation":{"x":-0.011930246837437153,"y":0.9418839812278748,"z":-0.3340378403663635,"w":-0.0336388535797596},"size":2.576312303543091,"orthographic":false}