{"cameraMode":{"drawMode":2,"name":"Shaded Wireframe","section":"Shading Mode"},"sceneLighting":true,"audioPlay":false,"sceneViewState":{"showFog":false,"showMaterialUpdate":false,"showSkybox":false,"showFlares":false,"showImageEffects":false,"showParticleSystems":false},"in2DMode":false,"pivot":{"x":4.79912805557251,"y":517.3981323242188,"z":548.3755493164063},"rotation":{"x":0.0008746171952225268,"y":0.8740536570549011,"z":-0.48582738637924197,"w":0.0015740623930469156},"size":10.0,"orthographic":false}